speaker	lang	ltype	ave_ttr	se	nmessages
Necsus	Italian (Italy)	L1	0.6701388888888887	0.005960982202208422	108
SunDraw	Veneto (Italia)	L1	0.7058490566037738	0.006457571698919809	106
zipp404	Bilingual English|Español	L2	0.6306451612903227	0.010576634714790319	62
MünchnerFax	Italian, Italy	L1	0.6785294117647056	0.012041325180839795	17
dragonseven	italiano	L1	0.6709852216748767	0.004501304377942907	203
Connie Eyeland	Italiano	L1	0.6561397058823527	0.005288508246801114	136
Hermocrates	Italian & British English (bilingual)	L1	0.651279069767442	0.007950380837489762	43
violadaprile	italian	L1	0.6729411764705882	0.00622612674441046	68
